-- MySQL Script generated by MySQL Workbench
-- Wed Feb 10 20:59:48 2021
-- Model: New Model    Version: 1.0
-- MySQL Workbench Forward Engineering

SET @OLD_UNIQUE_CHECKS=@@UNIQUE_CHECKS, UNIQUE_CHECKS=0;
SET @OLD_FOREIGN_KEY_CHECKS=@@FOREIGN_KEY_CHECKS, FOREIGN_KEY_CHECKS=0;
SET @OLD_SQL_MODE=@@SQL_MODE, SQL_MODE='ONLY_FULL_GROUP_BY,STRICT_TRANS_TABLES,NO_ZERO_IN_DATE,NO_ZERO_DATE,ERROR_FOR_DIVISION_BY_ZERO,NO_ENGINE_SUBSTITUTION';

-- -----------------------------------------------------
-- Schema mdavis6
-- -----------------------------------------------------
-- Assignment 3
DROP SCHEMA IF EXISTS `mdavis6` ;

-- -----------------------------------------------------
-- Schema mdavis6
--
-- Assignment 3
-- -----------------------------------------------------
CREATE SCHEMA IF NOT EXISTS `mdavis6` DEFAULT CHARACTER SET utf8mb4 ;
SHOW WARNINGS;
USE `mdavis6` ;

-- -----------------------------------------------------
-- Table `mdavis6`.`petstore`
-- -----------------------------------------------------
DROP TABLE IF EXISTS `mdavis6`.`petstore` ;

SHOW WARNINGS;
CREATE TABLE IF NOT EXISTS `mdavis6`.`petstore` (
  `pst_id` SMALLINT UNSIGNED NOT NULL,
  `pst_name` VARCHAR(30) NOT NULL,
  `pst_street` VARCHAR(30) NOT NULL,
  `pst_city` VARCHAR(30) NOT NULL,
  `pst_state` CHAR(2) NOT NULL,
  `pst_zip` CHAR(9) NOT NULL,
  `pst_phone` BIGINT UNSIGNED NOT NULL,
  `pst_email` VARCHAR(100) NOT NULL,
  `pst_url` VARCHAR(100) NOT NULL,
  `pst_ytd_sales` DECIMAL(10,2) NOT NULL,
  `pst_notes` VARCHAR(255) NULL,
  PRIMARY KEY (`pst_id`))
ENGINE = InnoDB;

SHOW WARNINGS;

-- -----------------------------------------------------
-- Table `mdavis6`.`customer`
-- -----------------------------------------------------
DROP TABLE IF EXISTS `mdavis6`.`customer` ;

SHOW WARNINGS;
CREATE TABLE IF NOT EXISTS `mdavis6`.`customer` (
  `cus_id` SMALLINT UNSIGNED NOT NULL AUTO_INCREMENT,
  `cus_frame` VARCHAR(15) NOT NULL,
  `cus_lname` VARCHAR(30) NOT NULL,
  `cus_street` VARCHAR(30) NOT NULL,
  `cus_city` VARCHAR(30) NOT NULL,
  `cus_state` VARCHAR(2) NOT NULL,
  `cus_zip` CHAR(9) NOT NULL,
  `cus_phone` BIGINT UNSIGNED NOT NULL,
  `cus_email` VARCHAR(100) NOT NULL,
  `cus_balance` DECIMAL(8,2) NOT NULL,
  `cus_total_sales` DECIMAL(8,2) NOT NULL,
  `cus_notes` VARCHAR(255) NULL,
  PRIMARY KEY (`cus_id`))
ENGINE = InnoDB;

SHOW WARNINGS;

-- -----------------------------------------------------
-- Table `mdavis6`.`pet`
-- -----------------------------------------------------
DROP TABLE IF EXISTS `mdavis6`.`pet` ;

SHOW WARNINGS;
CREATE TABLE IF NOT EXISTS `mdavis6`.`pet` (
  `pet_id` SMALLINT UNSIGNED NOT NULL AUTO_INCREMENT,
  `pst_id` SMALLINT UNSIGNED NOT NULL,
  `cus_id` SMALLINT UNSIGNED NULL,
  `pet_type` VARCHAR(45) NOT NULL,
  `pet_sex` ENUM('m', 'f') NOT NULL COMMENT 'male or female',
  `pet_cost` DECIMAL(6,2) NOT NULL COMMENT 'pet store cost',
  `pet_price` DECIMAL(6,2) NOT NULL COMMENT 'retail pet price',
  `pet_age` TINYINT NOT NULL COMMENT 'Age in weeks',
  `pet_color` VARCHAR(30) NOT NULL,
  `pet_sale_date` DATE NULL,
  `pet_vaccine` ENUM('y', 'n') NOT NULL,
  `pet_neuter` ENUM('y', 'n') NOT NULL,
  `pet_notes` VARCHAR(255) NULL,
  PRIMARY KEY (`pet_id`),
  INDEX `fk_pet_customer_idx` (`cus_id` ASC),
  INDEX `fk_pet_petstore1_idx` (`pst_id` ASC),
  CONSTRAINT `fk_pet_customer`
    FOREIGN KEY (`cus_id`)
    REFERENCES `mdavis6`.`customer` (`cus_id`)
    ON DELETE CASCADE
    ON UPDATE CASCADE,
  CONSTRAINT `fk_pet_petstore1`
    FOREIGN KEY (`pst_id`)
    REFERENCES `mdavis6`.`petstore` (`pst_id`)
    ON DELETE CASCADE
    ON UPDATE CASCADE)
ENGINE = InnoDB;

SHOW WARNINGS;

SET SQL_MODE=@OLD_SQL_MODE;
SET FOREIGN_KEY_CHECKS=@OLD_FOREIGN_KEY_CHECKS;
SET UNIQUE_CHECKS=@OLD_UNIQUE_CHECKS;

-- -----------------------------------------------------
-- Data for table `mdavis6`.`petstore`
-- -----------------------------------------------------
START TRANSACTION;
USE `mdavis6`;
INSERT INTO `mdavis6`.`petstore` (`pst_id`, `pst_name`, `pst_street`, `pst_city`, `pst_state`, `pst_zip`, `pst_phone`, `pst_email`, `pst_url`, `pst_ytd_sales`, `pst_notes`) VALUES (1, 'KittyLand', '4611 Marseille Drive', 'Pensacola', 'FL', '32505', 8504322804, 'KittyLand@gmail.com', 'http://www.KittyLandVet.com', 5000, 'Clean and efficient');
INSERT INTO `mdavis6`.`petstore` (`pst_id`, `pst_name`, `pst_street`, `pst_city`, `pst_state`, `pst_zip`, `pst_phone`, `pst_email`, `pst_url`, `pst_ytd_sales`, `pst_notes`) VALUES (2, 'BowWow Way', '24 Devil Paws Drive', 'Denver', 'CO', '51487', 6528554242, 'bowwow@cox.net', 'http://www.BowWow.com', 25000, 'many breeds');
INSERT INTO `mdavis6`.`petstore` (`pst_id`, `pst_name`, `pst_street`, `pst_city`, `pst_state`, `pst_zip`, `pst_phone`, `pst_email`, `pst_url`, `pst_ytd_sales`, `pst_notes`) VALUES (3, 'Stylish Wiskers', '12 Mousie Way', 'Atlanta', 'GA', '98544', 9856234523, 'stylishwhiskers@hotmail.com', 'http://www.StylishWhiskers.com', 50000, 'kittens');
INSERT INTO `mdavis6`.`petstore` (`pst_id`, `pst_name`, `pst_street`, `pst_city`, `pst_state`, `pst_zip`, `pst_phone`, `pst_email`, `pst_url`, `pst_ytd_sales`, `pst_notes`) VALUES (4, 'Puppy Love', '55 Bones Drive', 'Tampa', 'FL', '47558', 4126238596, 'pupplylove@gmail.com', 'http://www.PuppyLove.com', 65000, 'notes');
INSERT INTO `mdavis6`.`petstore` (`pst_id`, `pst_name`, `pst_street`, `pst_city`, `pst_state`, `pst_zip`, `pst_phone`, `pst_email`, `pst_url`, `pst_ytd_sales`, `pst_notes`) VALUES (5, 'Barking Mad Pet Shop', '842 Treats Drive', 'Tallahassee', 'FL', '32306', 8504126868, 'barkingmad@gmail.com', 'http://www.BarkingMadPetShop.com', 85000, 'fast delivery');
INSERT INTO `mdavis6`.`petstore` (`pst_id`, `pst_name`, `pst_street`, `pst_city`, `pst_state`, `pst_zip`, `pst_phone`, `pst_email`, `pst_url`, `pst_ytd_sales`, `pst_notes`) VALUES (6, 'The Pet Mansion', '85 Canine Way', 'Dothan', 'GA', '45628', 7258569999, 'thepetmansion@gmail.com', 'http://www.ThePetMansion.com', 75000, 'high quality breeds');
INSERT INTO `mdavis6`.`petstore` (`pst_id`, `pst_name`, `pst_street`, `pst_city`, `pst_state`, `pst_zip`, `pst_phone`, `pst_email`, `pst_url`, `pst_ytd_sales`, `pst_notes`) VALUES (7, 'Feathery Musings', '856 Canary Street', 'St. Petersburg', 'FL', '74856', 8465412325, 'featherymusings@bellsouth.net', 'http://www.FeatheryMusings.com', 65000, 'birds');
INSERT INTO `mdavis6`.`petstore` (`pst_id`, `pst_name`, `pst_street`, `pst_city`, `pst_state`, `pst_zip`, `pst_phone`, `pst_email`, `pst_url`, `pst_ytd_sales`, `pst_notes`) VALUES (8, 'Count the Chicks', '13 Mocking Jay Road', 'Miami', 'FL', '32548', 7458456161, 'countthechicks@gmail.com', 'http://www.CountTheChicks.com', 72000, 'birds');
INSERT INTO `mdavis6`.`petstore` (`pst_id`, `pst_name`, `pst_street`, `pst_city`, `pst_state`, `pst_zip`, `pst_phone`, `pst_email`, `pst_url`, `pst_ytd_sales`, `pst_notes`) VALUES (9, 'Woof or Wuff Pet Shop', '85 Doggone Road', 'Orlando', 'FL', '65412', 3215487964, 'wooforwuff@cox.net', 'http://www.WooforWuff.com', 80000, 'Dogs and cats');
INSERT INTO `mdavis6`.`petstore` (`pst_id`, `pst_name`, `pst_street`, `pst_city`, `pst_state`, `pst_zip`, `pst_phone`, `pst_email`, `pst_url`, `pst_ytd_sales`, `pst_notes`) VALUES (10, 'Somethings Fishy ', '985 Swimmers Lane', 'Fort Meyers', 'FL', '98745', 5462864521, 'somethingsfishy@gmail.com', 'http://www.SomethingsFishy.com', 50000, 'great fish');

COMMIT;


-- -----------------------------------------------------
-- Data for table `mdavis6`.`customer`
-- -----------------------------------------------------
START TRANSACTION;
USE `mdavis6`;
INSERT INTO `mdavis6`.`customer` (`cus_id`, `cus_frame`, `cus_lname`, `cus_street`, `cus_city`, `cus_state`, `cus_zip`, `cus_phone`, `cus_email`, `cus_balance`, `cus_total_sales`, `cus_notes`) VALUES (DEFAULT, 'Daenerys', 'Targaryen', '12 Emila Clarke Lane', 'Austin', 'TX', '258461111', 1236548796, 'dragonmom@gmail.com', 0.00, 500.00, 'notes1');
INSERT INTO `mdavis6`.`customer` (`cus_id`, `cus_frame`, `cus_lname`, `cus_street`, `cus_city`, `cus_state`, `cus_zip`, `cus_phone`, `cus_email`, `cus_balance`, `cus_total_sales`, `cus_notes`) VALUES (DEFAULT, 'Jon', 'Snow', '1342 Kit Harington Road', 'Chicago', 'IL', '654821111', 6548574589, 'mrsnow@gmail.com', 25.00, 350.00, 'notes2');
INSERT INTO `mdavis6`.`customer` (`cus_id`, `cus_frame`, `cus_lname`, `cus_street`, `cus_city`, `cus_state`, `cus_zip`, `cus_phone`, `cus_email`, `cus_balance`, `cus_total_sales`, `cus_notes`) VALUES (DEFAULT, 'Arya', 'Stark', '678 Maisie Williams Drive', 'Seattle', 'WA', '425871111', 2558546888, 'unoseeme@gmail.com', 3513.00, 8500.00, 'notes3');
INSERT INTO `mdavis6`.`customer` (`cus_id`, `cus_frame`, `cus_lname`, `cus_street`, `cus_city`, `cus_state`, `cus_zip`, `cus_phone`, `cus_email`, `cus_balance`, `cus_total_sales`, `cus_notes`) VALUES (DEFAULT, 'Sansa', 'Stark', '985 Sophie Turner Way', 'San Fransico', 'CA', '854691111', 3254448787, 'queenb@gmail.com', 212.00, 298.00, 'notes4');
INSERT INTO `mdavis6`.`customer` (`cus_id`, `cus_frame`, `cus_lname`, `cus_street`, `cus_city`, `cus_state`, `cus_zip`, `cus_phone`, `cus_email`, `cus_balance`, `cus_total_sales`, `cus_notes`) VALUES (DEFAULT, 'Khal', 'Drogo', '325 Jason Momoa Pkwy', 'Philadelphia', 'PA', '412581111', 6253338547, 'jman@gmail.com', 50.00, 87.00, 'notes5');
INSERT INTO `mdavis6`.`customer` (`cus_id`, `cus_frame`, `cus_lname`, `cus_street`, `cus_city`, `cus_state`, `cus_zip`, `cus_phone`, `cus_email`, `cus_balance`, `cus_total_sales`, `cus_notes`) VALUES (DEFAULT, 'Ramsey', 'Bolton', '654 Iwan Rheon Road', 'Charlotte', 'NC', '632581111', 7456542222, 'freakyguy@gmail.com', 0.00, 200.00, 'notes6');
INSERT INTO `mdavis6`.`customer` (`cus_id`, `cus_frame`, `cus_lname`, `cus_street`, `cus_city`, `cus_state`, `cus_zip`, `cus_phone`, `cus_email`, `cus_balance`, `cus_total_sales`, `cus_notes`) VALUES (DEFAULT, 'Cersei', 'Lanister', '444 Lena Heady Road', 'New York', 'NY', '956871111', 2587468524, 'meangirl@gmail.com', 542.00, 2505.00, 'notes7');
INSERT INTO `mdavis6`.`customer` (`cus_id`, `cus_frame`, `cus_lname`, `cus_street`, `cus_city`, `cus_state`, `cus_zip`, `cus_phone`, `cus_email`, `cus_balance`, `cus_total_sales`, `cus_notes`) VALUES (DEFAULT, 'Tyrion', 'Lanister', '321 Peter Drinlage Circle', 'Madison', 'FL', '654841111', 2641283215, 'lilman101@gmail.com', 20.00, 6005.00, 'notes9');
INSERT INTO `mdavis6`.`customer` (`cus_id`, `cus_frame`, `cus_lname`, `cus_street`, `cus_city`, `cus_state`, `cus_zip`, `cus_phone`, `cus_email`, `cus_balance`, `cus_total_sales`, `cus_notes`) VALUES (DEFAULT, 'Joffrey ', 'Baratheon', '67 Jack Gleeson Drive', 'Paris', 'GA', '321891111', 8549995555, 'jb138@cox.net', 956.00, 2500.00, 'notes8');
INSERT INTO `mdavis6`.`customer` (`cus_id`, `cus_frame`, `cus_lname`, `cus_street`, `cus_city`, `cus_state`, `cus_zip`, `cus_phone`, `cus_email`, `cus_balance`, `cus_total_sales`, `cus_notes`) VALUES (DEFAULT, 'Petyr', 'Baelish', '321 Aidan Gillen Road', 'Atlanta', 'GA', '321451111', 5553335555, 'pbaelish@gmail.com', 125.00, 658.00, 'notes10');

COMMIT;


-- -----------------------------------------------------
-- Data for table `mdavis6`.`pet`
-- -----------------------------------------------------
START TRANSACTION;
USE `mdavis6`;
INSERT INTO `mdavis6`.`pet` (`pet_id`, `pst_id`, `cus_id`, `pet_type`, `pet_sex`, `pet_cost`, `pet_price`, `pet_age`, `pet_color`, `pet_sale_date`, `pet_vaccine`, `pet_neuter`, `pet_notes`) VALUES (DEFAULT, 1, 10, 'Chihuahua', 'm', 450.00, 600.00, 8, 'fawn, white', '2021-02-15', 'y', 'n', 'note1');
INSERT INTO `mdavis6`.`pet` (`pet_id`, `pst_id`, `cus_id`, `pet_type`, `pet_sex`, `pet_cost`, `pet_price`, `pet_age`, `pet_color`, `pet_sale_date`, `pet_vaccine`, `pet_neuter`, `pet_notes`) VALUES (DEFAULT, 2, 9, 'Hermit Crabs', 'm', 7.00, 19.00, 2, 'misc', '2021-06-15', 'y', 'n', 'note3');
INSERT INTO `mdavis6`.`pet` (`pet_id`, `pst_id`, `cus_id`, `pet_type`, `pet_sex`, `pet_cost`, `pet_price`, `pet_age`, `pet_color`, `pet_sale_date`, `pet_vaccine`, `pet_neuter`, `pet_notes`) VALUES (DEFAULT, 3, 8, 'Ferret', 'f', 175.00, 300.00, 10, 'white', '2021-05-15', 'y', 'n', 'note4');
INSERT INTO `mdavis6`.`pet` (`pet_id`, `pst_id`, `cus_id`, `pet_type`, `pet_sex`, `pet_cost`, `pet_price`, `pet_age`, `pet_color`, `pet_sale_date`, `pet_vaccine`, `pet_neuter`, `pet_notes`) VALUES (DEFAULT, 4, 7, 'Hamster', 'm', 18.00, 35.00, 6, 'tan', '2022-03-01', 'y', 'n', 'note5');
INSERT INTO `mdavis6`.`pet` (`pet_id`, `pst_id`, `cus_id`, `pet_type`, `pet_sex`, `pet_cost`, `pet_price`, `pet_age`, `pet_color`, `pet_sale_date`, `pet_vaccine`, `pet_neuter`, `pet_notes`) VALUES (DEFAULT, 5, 6, 'Chinchillas', 'f', 35.00, 59.00, 10, 'brown', '2021-03-20', 'y', 'n', 'note2');
INSERT INTO `mdavis6`.`pet` (`pet_id`, `pst_id`, `cus_id`, `pet_type`, `pet_sex`, `pet_cost`, `pet_price`, `pet_age`, `pet_color`, `pet_sale_date`, `pet_vaccine`, `pet_neuter`, `pet_notes`) VALUES (DEFAULT, 6, 5, 'Corgis', 'f', 450.00, 700.00, 8, 'brown, white', '2021-07-16', 'y', 'n', 'note6');
INSERT INTO `mdavis6`.`pet` (`pet_id`, `pst_id`, `cus_id`, `pet_type`, `pet_sex`, `pet_cost`, `pet_price`, `pet_age`, `pet_color`, `pet_sale_date`, `pet_vaccine`, `pet_neuter`, `pet_notes`) VALUES (DEFAULT, 7, 4, 'Cocker Spaniel', 'f', 400.00, 650.00, 8, 'dark brown', '2021-03-15', 'y', 'n', 'note7');
INSERT INTO `mdavis6`.`pet` (`pet_id`, `pst_id`, `cus_id`, `pet_type`, `pet_sex`, `pet_cost`, `pet_price`, `pet_age`, `pet_color`, `pet_sale_date`, `pet_vaccine`, `pet_neuter`, `pet_notes`) VALUES (DEFAULT, 8, 3, 'Yorkies', 'm', 600.00, 800.00, 8, 'blue', '2021-02-28', 'y', 'n', 'note8');
INSERT INTO `mdavis6`.`pet` (`pet_id`, `pst_id`, `cus_id`, `pet_type`, `pet_sex`, `pet_cost`, `pet_price`, `pet_age`, `pet_color`, `pet_sale_date`, `pet_vaccine`, `pet_neuter`, `pet_notes`) VALUES (DEFAULT, 9, 2, 'Hedgehogs', 'f', 70.00, 125.00, 5, 'brown', '2021-04-01', 'y', 'n', 'note9');
INSERT INTO `mdavis6`.`pet` (`pet_id`, `pst_id`, `cus_id`, `pet_type`, `pet_sex`, `pet_cost`, `pet_price`, `pet_age`, `pet_color`, `pet_sale_date`, `pet_vaccine`, `pet_neuter`, `pet_notes`) VALUES (DEFAULT, 10, 1, 'PacMan Frogs', 'm', 25.00, 50.00, 10, 'green, yellow', '2021-03-20', 'y', 'n', 'note10');

COMMIT;

